{"acc": 0.9592, "precision": 0.8485113835376532, "recall": 0.969, "f1": 0.9047619047619047, "f2": 0.942240373395566, "roc": 0.9588316875, "threshold": 0.071}