{"acc": 0.961, "precision": 0.8536906854130053, "recall": 0.9715, "f1": 0.9087932647333957, "f2": 0.9454067730634488, "roc": 0.9560253750000001, "threshold": 0.053}