{"acc": 0.8462, "precision": 0.697098976109215, "recall": 0.4085, "f1": 0.5151324085750315, "f2": 0.4453772350632359, "roc": 0.955555625, "threshold": 0.056}